date,time,timezone,MACB,source,sourcetype,type,user,host,short,desc,version,filename,inode,notes,format,extra
03/16/2018,10:11:10,UTC,.A..,WEBHIST,Chrome History,Page Visited,-,-,https://mail.google.com/mail/ (Inbox – jpinkman2018@gmail.com),https://mail.google.com/mail/ (Inbox – jpinkman2018@gmail.com) [count: 0] Host: mail.google.com Visit Source: [SOURCE_SYNCED] Type: [AUTO_BOOKMARK - Got through a suggestion in the UI] (URL not typed directly - no typed count),2,OS:/mnt/ewf/data/com.android.chrome/app_chrome/Default/History,718488,-,sqlite/chrome_history,sha256_hash: a8ea4643134d8887fd0afad3a8cc6710f6d1b741347802491d10fcba3886a502 
03/16/2018,10:12:06,UTC,.A..,WEBHIST,Chrome History,Page Visited,-,-,http://inbox.google.com/ (Inbox by Gmail),http://inbox.google.com/ (Inbox by Gmail) [count: 2] Host: inbox.google.com Visit Source: [SOURCE_SYNCED] Type: [TYPED - User typed the URL in the URL bar] (type count 2 times),2,OS:/mnt/ewf/data/com.android.chrome/app_chrome/Default/History,718488,-,sqlite/chrome_history,sha256_hash: a8ea4643134d8887fd0afad3a8cc6710f6d1b741347802491d10fcba3886a502 
03/16/2018,10:12:06,UTC,.A..,WEBHIST,Chrome History,Page Visited,-,-,https://inbox.google.com/accounts/SetOSID?authuser=0&continue=https%3A%2F%2Fi...,https://inbox.google.com/accounts/SetOSID?authuser=0&continue=https%3A%2F%2Finbox.google.com%2F%3Fpli%3D1&osidt=ALWU2cuzXI8vadmxJJkzpn2ArZ6rTOMW63fT9spEisIFAuNHFBl_nGyns5Uv1S2TleaGGJY6HYgfc9VMYN67A5-ms9-eK4xS_KoFhwNzmtMWYjOKFkmebLFs3Ari8tCm7Kbk2adYtJ8u (Inbox – jpinkman2018@gmail.com) [count: 0] Host: inbox.google.com Visit Source: [SOURCE_SYNCED] Type: [TYPED - User typed the URL in the URL bar] (URL not typed directly - no typed count),2,OS:/mnt/ewf/data/com.android.chrome/app_chrome/Default/History,718488,-,sqlite/chrome_history,sha256_hash: a8ea4643134d8887fd0afad3a8cc6710f6d1b741347802491d10fcba3886a502 
03/16/2018,10:12:06,UTC,.A..,WEBHIST,Chrome History,Page Visited,-,-,https://accounts.google.com/ServiceLogin?passive=1209600&osid=1&continue=http...,https://accounts.google.com/ServiceLogin?passive=1209600&osid=1&continue=https://inbox.google.com/&followup=https://inbox.google.com/&authuser=0 (Inbox – jpinkman2018@gmail.com) [count: 0] Host: accounts.google.com Visit Source: [SOURCE_SYNCED] Type: [TYPED - User typed the URL in the URL bar] (URL not typed directly - no typed count),2,OS:/mnt/ewf/data/com.android.chrome/app_chrome/Default/History,718488,-,sqlite/chrome_history,sha256_hash: a8ea4643134d8887fd0afad3a8cc6710f6d1b741347802491d10fcba3886a502 
03/16/2018,10:12:06,UTC,.A..,WEBHIST,Chrome History,Page Visited,-,-,https://inbox.google.com/?pli=1 (Inbox – jpinkman2018@gmail.com),https://inbox.google.com/?pli=1 (Inbox – jpinkman2018@gmail.com) [count: 2] Host: inbox.google.com Visit Source: [SOURCE_SYNCED] Type: [TYPED - User typed the URL in the URL bar] (type count 2 times),2,OS:/mnt/ewf/data/com.android.chrome/app_chrome/Default/History,718488,-,sqlite/chrome_history,sha256_hash: a8ea4643134d8887fd0afad3a8cc6710f6d1b741347802491d10fcba3886a502 
03/16/2018,10:12:06,UTC,.A..,WEBHIST,Chrome History,Page Visited,-,-,https://inbox.google.com/ (Inbox – jpinkman2018@gmail.com),https://inbox.google.com/ (Inbox – jpinkman2018@gmail.com) [count: 0] Host: inbox.google.com Visit Source: [SOURCE_SYNCED] Type: [TYPED - User typed the URL in the URL bar] (URL not typed directly - no typed count),2,OS:/mnt/ewf/data/com.android.chrome/app_chrome/Default/History,718488,-,sqlite/chrome_history,sha256_hash: a8ea4643134d8887fd0afad3a8cc6710f6d1b741347802491d10fcba3886a502 
03/16/2018,10:12:08,UTC,.A..,WEBHIST,Chrome History,Page Visited,-,-,https://inbox.google.com/?pli=1 (Inbox – jpinkman2018@gmail.com),https://inbox.google.com/?pli=1 (Inbox – jpinkman2018@gmail.com) [count: 2] Host: inbox.google.com Visit Source: [SOURCE_SYNCED] Type: [LINK - User clicked a link] (type count 2 times),2,OS:/mnt/ewf/data/com.android.chrome/app_chrome/Default/History,718488,-,sqlite/chrome_history,sha256_hash: a8ea4643134d8887fd0afad3a8cc6710f6d1b741347802491d10fcba3886a502 
03/16/2018,10:12:08,UTC,.A..,WEBHIST,Chrome History,Page Visited,-,-,https://inbox.google.com/?pli=1 (Inbox – jpinkman2018@gmail.com),https://inbox.google.com/?pli=1 (Inbox – jpinkman2018@gmail.com) [count: 2] Host: inbox.google.com Visit Source: [SOURCE_SYNCED] Type: [LINK - User clicked a link] (type count 2 times),2,OS:/mnt/ewf/data/com.android.chrome/app_chrome/Default/History,718488,-,sqlite/chrome_history,sha256_hash: a8ea4643134d8887fd0afad3a8cc6710f6d1b741347802491d10fcba3886a502 
03/19/2018,07:59:34,UTC,.A..,WEBHIST,Chrome History,Page Visited,-,-,http://nest.com/ (Nest | Crea una casa connessa),http://nest.com/ (Nest | Crea una casa connessa) [count: 5] Host: nest.com Visit Source: [SOURCE_SYNCED] Type: [TYPED - User typed the URL in the URL bar] (type count 5 times),2,OS:/mnt/ewf/data/com.android.chrome/app_chrome/Default/History,718488,-,sqlite/chrome_history,sha256_hash: a8ea4643134d8887fd0afad3a8cc6710f6d1b741347802491d10fcba3886a502 
03/19/2018,07:59:34,UTC,.A..,WEBHIST,Chrome History,Page Visited,-,-,https://nest.com/it/ (Nest | Crea una casa connessa),https://nest.com/it/ (Nest | Crea una casa connessa) [count: 0] Host: nest.com Visit Source: [SOURCE_SYNCED] Type: [TYPED - User typed the URL in the URL bar] (URL not typed directly - no typed count),2,OS:/mnt/ewf/data/com.android.chrome/app_chrome/Default/History,718488,-,sqlite/chrome_history,sha256_hash: a8ea4643134d8887fd0afad3a8cc6710f6d1b741347802491d10fcba3886a502 
03/19/2018,07:59:34,UTC,.A..,WEBHIST,Chrome History,Page Visited,-,-,http://nest.com/it/ (Nest | Crea una casa connessa),http://nest.com/it/ (Nest | Crea una casa connessa) [count: 0] Host: nest.com Visit Source: [SOURCE_SYNCED] Type: [TYPED - User typed the URL in the URL bar] (URL not typed directly - no typed count),2,OS:/mnt/ewf/data/com.android.chrome/app_chrome/Default/History,718488,-,sqlite/chrome_history,sha256_hash: a8ea4643134d8887fd0afad3a8cc6710f6d1b741347802491d10fcba3886a502 
03/19/2018,08:02:41,UTC,.A..,WEBHIST,Chrome History,Page Visited,-,-,https://inbox.google.com/?pli=1 (Inbox – jpinkman2018@gmail.com),https://inbox.google.com/?pli=1 (Inbox – jpinkman2018@gmail.com) [count: 2] Host: inbox.google.com Visit Source: [SOURCE_SYNCED] Type: [TYPED - User typed the URL in the URL bar] (type count 2 times),2,OS:/mnt/ewf/data/com.android.chrome/app_chrome/Default/History,718488,-,sqlite/chrome_history,sha256_hash: a8ea4643134d8887fd0afad3a8cc6710f6d1b741347802491d10fcba3886a502 
03/19/2018,08:02:43,UTC,.A..,WEBHIST,Chrome History,Page Visited,-,-,https://inbox.google.com/?pli=1 (Inbox – jpinkman2018@gmail.com),https://inbox.google.com/?pli=1 (Inbox – jpinkman2018@gmail.com) [count: 2] Host: inbox.google.com Visit Source: [SOURCE_SYNCED] Type: [LINK - User clicked a link] (type count 2 times),2,OS:/mnt/ewf/data/com.android.chrome/app_chrome/Default/History,718488,-,sqlite/chrome_history,sha256_hash: a8ea4643134d8887fd0afad3a8cc6710f6d1b741347802491d10fcba3886a502 
03/19/2018,08:02:43,UTC,.A..,WEBHIST,Chrome History,Page Visited,-,-,https://inbox.google.com/?pli=1 (Inbox – jpinkman2018@gmail.com),https://inbox.google.com/?pli=1 (Inbox – jpinkman2018@gmail.com) [count: 2] Host: inbox.google.com Visit Source: [SOURCE_SYNCED] Type: [LINK - User clicked a link] (type count 2 times),2,OS:/mnt/ewf/data/com.android.chrome/app_chrome/Default/History,718488,-,sqlite/chrome_history,sha256_hash: a8ea4643134d8887fd0afad3a8cc6710f6d1b741347802491d10fcba3886a502 
03/19/2018,08:06:38,UTC,.A..,WEBHIST,Chrome History,Page Visited,-,-,https://arlo.netgear.com/ (Arlo Smart Home Security Cameras | Home Monitoring...,https://arlo.netgear.com/ (Arlo Smart Home Security Cameras | Home Monitoring | Arlo by NETGEAR) [count: 0] Host: arlo.netgear.com Visit Source: [SOURCE_SYNCED] Type: [TYPED - User typed the URL in the URL bar] (URL not typed directly - no typed count),2,OS:/mnt/ewf/data/com.android.chrome/app_chrome/Default/History,718488,-,sqlite/chrome_history,sha256_hash: a8ea4643134d8887fd0afad3a8cc6710f6d1b741347802491d10fcba3886a502 
03/19/2018,08:06:38,UTC,.A..,WEBHIST,Chrome History,Page Visited,-,-,http://arlo.netgear.com/ (Arlo Smart Home Security Cameras | Home Monitoring ...,http://arlo.netgear.com/ (Arlo Smart Home Security Cameras | Home Monitoring | Arlo by NETGEAR) [count: 3] Host: arlo.netgear.com Visit Source: [SOURCE_SYNCED] Type: [TYPED - User typed the URL in the URL bar] (type count 3 times),2,OS:/mnt/ewf/data/com.android.chrome/app_chrome/Default/History,718488,-,sqlite/chrome_history,sha256_hash: a8ea4643134d8887fd0afad3a8cc6710f6d1b741347802491d10fcba3886a502 
03/19/2018,08:06:39,UTC,.A..,WEBHIST,Chrome History,Page Visited,-,-,https://arlo.netgear.com/ (Arlo Smart Home Security Cameras | Home Monitoring...,https://arlo.netgear.com/ (Arlo Smart Home Security Cameras | Home Monitoring | Arlo by NETGEAR) [count: 0] Host: arlo.netgear.com Visit Source: [SOURCE_SYNCED] Type: [LINK - User clicked a link] (URL not typed directly - no typed count),2,OS:/mnt/ewf/data/com.android.chrome/app_chrome/Default/History,718488,-,sqlite/chrome_history,sha256_hash: a8ea4643134d8887fd0afad3a8cc6710f6d1b741347802491d10fcba3886a502 
03/19/2018,08:07:34,UTC,.A..,WEBHIST,Chrome History,Page Visited,-,-,https://inbox.google.com/?pli=1 (Inbox – jpinkman2018@gmail.com),https://inbox.google.com/?pli=1 (Inbox – jpinkman2018@gmail.com) [count: 2] Host: inbox.google.com Visit Source: [SOURCE_SYNCED] Type: [LINK - User clicked a link] (type count 2 times),2,OS:/mnt/ewf/data/com.android.chrome/app_chrome/Default/History,718488,-,sqlite/chrome_history,sha256_hash: a8ea4643134d8887fd0afad3a8cc6710f6d1b741347802491d10fcba3886a502 
03/19/2018,15:37:04,UTC,.A..,WEBHIST,Chrome History,Page Visited,-,-,https://inbox.google.com/?pli=1 (Inbox – jpinkman2018@gmail.com),https://inbox.google.com/?pli=1 (Inbox – jpinkman2018@gmail.com) [count: 2] Host: inbox.google.com Visit Source: [SOURCE_SYNCED] Type: [LINK - User clicked a link] (type count 2 times),2,OS:/mnt/ewf/data/com.android.chrome/app_chrome/Default/History,718488,-,sqlite/chrome_history,sha256_hash: a8ea4643134d8887fd0afad3a8cc6710f6d1b741347802491d10fcba3886a502 
03/27/2018,08:26:22,UTC,.A..,WEBHIST,Chrome History,Page Visited,-,-,http://alexa.amazon.com/ (Amazon Alexa),http://alexa.amazon.com/ (Amazon Alexa) [count: 4] Host: alexa.amazon.com Visit Source: [SOURCE_SYNCED] Type: [TYPED - User typed the URL in the URL bar] (type count 4 times),2,OS:/mnt/ewf/data/com.android.chrome/app_chrome/Default/History,718488,-,sqlite/chrome_history,sha256_hash: a8ea4643134d8887fd0afad3a8cc6710f6d1b741347802491d10fcba3886a502 
03/27/2018,08:26:22,UTC,.A..,WEBHIST,Chrome History,Page Visited,-,-,https://www.amazon.com/ap/signin?showRmrMe=1&openid.return_to=https%3A%2F%2Fa...,https://www.amazon.com/ap/signin?showRmrMe=1&openid.return_to=https%3A%2F%2Falexa.amazon.com%2F&openid.identity=http%3A%2F%2Fspecs.openid.net%2Fauth%2F2.0%2Fidentifier_select&openid.assoc_handle=amzn_dp_project_dee&openid.mode=checkid_setup&openid.claimed_id=http%3A%2F%2Fspecs.openid.net%2Fauth%2F2.0%2Fidentifier_select&openid.ns=http%3A%2F%2Fspecs.openid.net%2Fauth%2F2.0& (Amazon Alexa) [count: 2] Host: www.amazon.com Visit Source: [SOURCE_SYNCED] Type: [TYPED - User typed the URL in the URL bar] (type count 2 times),2,OS:/mnt/ewf/data/com.android.chrome/app_chrome/Default/History,718488,-,sqlite/chrome_history,sha256_hash: a8ea4643134d8887fd0afad3a8cc6710f6d1b741347802491d10fcba3886a502 
03/27/2018,08:26:37,UTC,.A..,WEBHIST,Chrome History,Page Visited,-,-,http://alexa.amazon.com/spa/index.html (Amazon Alexa),http://alexa.amazon.com/spa/index.html (Amazon Alexa) [count: 0] Host: alexa.amazon.com Visit Source: [SOURCE_SYNCED] Type: [FORM_SUBMIT - A form the user has submitted values to] (URL not typed directly - no typed count),2,OS:/mnt/ewf/data/com.android.chrome/app_chrome/Default/History,718488,-,sqlite/chrome_history,sha256_hash: a8ea4643134d8887fd0afad3a8cc6710f6d1b741347802491d10fcba3886a502 
03/27/2018,08:26:37,UTC,.A..,WEBHIST,Chrome History,Page Visited,-,-,https://alexa.amazon.com/spa/index.html (Amazon Alexa),https://alexa.amazon.com/spa/index.html (Amazon Alexa) [count: 0] Host: alexa.amazon.com Visit Source: [SOURCE_SYNCED] Type: [FORM_SUBMIT - A form the user has submitted values to] (URL not typed directly - no typed count),2,OS:/mnt/ewf/data/com.android.chrome/app_chrome/Default/History,718488,-,sqlite/chrome_history,sha256_hash: a8ea4643134d8887fd0afad3a8cc6710f6d1b741347802491d10fcba3886a502 
03/27/2018,08:26:43,UTC,.A..,WEBHIST,Chrome History,Page Visited,-,-,https://alexa.amazon.com/spa/index.html (Amazon Alexa),https://alexa.amazon.com/spa/index.html (Amazon Alexa) [count: 0] Host: alexa.amazon.com Visit Source: [SOURCE_SYNCED] Type: [LINK - User clicked a link] (URL not typed directly - no typed count),2,OS:/mnt/ewf/data/com.android.chrome/app_chrome/Default/History,718488,-,sqlite/chrome_history,sha256_hash: a8ea4643134d8887fd0afad3a8cc6710f6d1b741347802491d10fcba3886a502 
03/27/2018,08:26:48,UTC,.A..,WEBHIST,Chrome History,Page Visited,-,-,http://alexa.amazon.com/spa/index.html (Amazon Alexa),http://alexa.amazon.com/spa/index.html (Amazon Alexa) [count: 0] Host: alexa.amazon.com Visit Source: [SOURCE_SYNCED] Type: [TYPED - User typed the URL in the URL bar] (URL not typed directly - no typed count),2,OS:/mnt/ewf/data/com.android.chrome/app_chrome/Default/History,718488,-,sqlite/chrome_history,sha256_hash: a8ea4643134d8887fd0afad3a8cc6710f6d1b741347802491d10fcba3886a502 
03/27/2018,08:26:48,UTC,.A..,WEBHIST,Chrome History,Page Visited,-,-,https://alexa.amazon.com/spa/index.html (Amazon Alexa),https://alexa.amazon.com/spa/index.html (Amazon Alexa) [count: 0] Host: alexa.amazon.com Visit Source: [SOURCE_SYNCED] Type: [TYPED - User typed the URL in the URL bar] (URL not typed directly - no typed count),2,OS:/mnt/ewf/data/com.android.chrome/app_chrome/Default/History,718488,-,sqlite/chrome_history,sha256_hash: a8ea4643134d8887fd0afad3a8cc6710f6d1b741347802491d10fcba3886a502 
03/27/2018,08:26:48,UTC,.A..,WEBHIST,Chrome History,Page Visited,-,-,https://alexa.amazon.com/?openid.assoc_handle=amzn_dp_project_dee&aToken=Atza...,https://alexa.amazon.com/?openid.assoc_handle=amzn_dp_project_dee&aToken=Atza%7CIwEBIIo1qQmNeh1tckOQMNJw2UWhwTlcdMnCwqsat7buVIO9Z8ovh1hva51ZZSOqcDhEjoqPs7VrqxZDVGZMQBEOG-pJPeYKudyn5fV3_c9_CWEx2E1--jvCaMpLU3_dpcWesP7FWfKjJbaQ6md579RDvG-dQ3lIzWI1kUDH1pppIibn1Q0zCOzDo9eS0CB2KaOyKV3H7hAzIfGsQyfvI74y_VT1XCbiqPTP341EvX98vGpm9wFub22VWinIPquikUVCUbV2rNfejJ1ch_JfAtVN2E5xNK-8R2b388xZxCjueCi_PEdRCyzBjXkFAseb-pWQ9XywTTRpa_yd07x12m5bv5z8E_uAqajLv-eV6yQmlYK1i9uGuKZ8OVI7xoV94A1_qTU68Oek_6XMq6jdnGfFcRYG&openid.claimed_id=https%3A%2F%2Fwww.amazon.com%2Fap%2Fid%2Famzn1.account.AGGMG4DRSURCQ7QT4TCLAINUZT2Q&openid.identity=https%3A%2F%2Fwww.amazon.com%2Fap%2Fid%2Famzn1.account.AGGMG4DRSURCQ7QT4TCLAINUZT2Q&openid.mode=id_res&openid.ns=http%3A%2F%2Fspecs.openid.net%2Fauth%2F2.0&openid.op_endpoint=https%3A%2F%2Fwww.amazon.com%2Fap%2Fsignin&openid.response_nonce=2018-03-27T08%3A26%3A39Z-6673743547905493514&openid.return_to=https%3A%2F%2Falexa.amazon.com%2F&openid.signed=assoc_handle%2CaToken%2Cclaimed_id%2Cidentity%2Cmode%2Cns%2Cop_endpoint%2Cresponse_nonce%2Creturn_to%2Cns.pape%2Cpape.auth_policies%2Cpape.auth_time%2Csigned&openid.ns.pape=http%3A%2F%2Fspecs.openid.net%2Fextensions%2Fpape%2F1.0&openid.pape.auth_policies=http%3A%2F%2Fschemas.openid.net%2Fpape%2Fpolicies%2F2007%2F06%2Fnone&openid.pape.auth_time=2018-03-27T08%3A26%3A39Z&openid.sig=TMLVwLuyUWnOzHYVRJoxO4s7MD%2Bujs5iMuVYF%2BTDnD0%3D&serial=& (Amazon Alexa) [count: 0] Host: alexa.amazon.com Visit Source: [SOURCE_SYNCED] Type: [TYPED - User typed the URL in the URL bar] (URL not typed directly - no typed count),2,OS:/mnt/ewf/data/com.android.chrome/app_chrome/Default/History,718488,-,sqlite/chrome_history,sha256_hash: a8ea4643134d8887fd0afad3a8cc6710f6d1b741347802491d10fcba3886a502 
03/27/2018,08:26:48,UTC,.A..,WEBHIST,Chrome History,Page Visited,-,-,https://www.amazon.com/ap/signin?showRmrMe=1&openid.return_to=https%3A%2F%2Fa...,https://www.amazon.com/ap/signin?showRmrMe=1&openid.return_to=https%3A%2F%2Falexa.amazon.com%2F&openid.identity=http%3A%2F%2Fspecs.openid.net%2Fauth%2F2.0%2Fidentifier_select&openid.assoc_handle=amzn_dp_project_dee&openid.mode=checkid_setup&openid.claimed_id=http%3A%2F%2Fspecs.openid.net%2Fauth%2F2.0%2Fidentifier_select&openid.ns=http%3A%2F%2Fspecs.openid.net%2Fauth%2F2.0& (Amazon Alexa) [count: 2] Host: www.amazon.com Visit Source: [SOURCE_SYNCED] Type: [TYPED - User typed the URL in the URL bar] (type count 2 times),2,OS:/mnt/ewf/data/com.android.chrome/app_chrome/Default/History,718488,-,sqlite/chrome_history,sha256_hash: a8ea4643134d8887fd0afad3a8cc6710f6d1b741347802491d10fcba3886a502 
03/27/2018,08:26:53,UTC,.A..,WEBHIST,Chrome History,Page Visited,-,-,https://alexa.amazon.com/spa/index.html (Amazon Alexa),https://alexa.amazon.com/spa/index.html (Amazon Alexa) [count: 0] Host: alexa.amazon.com Visit Source: [SOURCE_SYNCED] Type: [LINK - User clicked a link] (URL not typed directly - no typed count),2,OS:/mnt/ewf/data/com.android.chrome/app_chrome/Default/History,718488,-,sqlite/chrome_history,sha256_hash: a8ea4643134d8887fd0afad3a8cc6710f6d1b741347802491d10fcba3886a502 
03/27/2018,08:31:57,UTC,.A..,WEBHIST,Chrome History,Page Visited,-,-,https://www.amazon.de/ap/signin?showRmrMe=1&openid.return_to=https%3A%2F%2Fal...,https://www.amazon.de/ap/signin?showRmrMe=1&openid.return_to=https%3A%2F%2Falexa.amazon.de%2Fspa%2Findex.html&openid.identity=http%3A%2F%2Fspecs.openid.net%2Fauth%2F2.0%2Fidentifier_select&openid.assoc_handle=amzn_dp_project_dee_de&openid.mode=checkid_setup&openid.claimed_id=http%3A%2F%2Fspecs.openid.net%2Fauth%2F2.0%2Fidentifier_select&openid.ns=http%3A%2F%2Fspecs.openid.net%2Fauth%2F2.0& (Amazon Anmelden) [count: 0] Host: www.amazon.de Visit Source: [SOURCE_SYNCED] Type: [TYPED - User typed the URL in the URL bar] (URL not typed directly - no typed count),2,OS:/mnt/ewf/data/com.android.chrome/app_chrome/Default/History,718488,-,sqlite/chrome_history,sha256_hash: a8ea4643134d8887fd0afad3a8cc6710f6d1b741347802491d10fcba3886a502 
03/27/2018,08:31:57,UTC,.A..,WEBHIST,Chrome History,Page Visited,-,-,http://alexa.amazon.com/ (Amazon Alexa),http://alexa.amazon.com/ (Amazon Alexa) [count: 4] Host: alexa.amazon.com Visit Source: [SOURCE_SYNCED] Type: [TYPED - User typed the URL in the URL bar] (type count 4 times),2,OS:/mnt/ewf/data/com.android.chrome/app_chrome/Default/History,718488,-,sqlite/chrome_history,sha256_hash: a8ea4643134d8887fd0afad3a8cc6710f6d1b741347802491d10fcba3886a502 
03/27/2018,08:31:57,UTC,.A..,WEBHIST,Chrome History,Page Visited,-,-,https://alexa.amazon.de/spa/index.html (Amazon Anmelden),https://alexa.amazon.de/spa/index.html (Amazon Anmelden) [count: 0] Host: alexa.amazon.de Visit Source: [SOURCE_SYNCED] Type: [TYPED - User typed the URL in the URL bar] (URL not typed directly - no typed count),2,OS:/mnt/ewf/data/com.android.chrome/app_chrome/Default/History,718488,-,sqlite/chrome_history,sha256_hash: a8ea4643134d8887fd0afad3a8cc6710f6d1b741347802491d10fcba3886a502 
03/27/2018,08:31:59,UTC,.A..,WEBHIST,Chrome History,Page Visited,-,-,https://alexa.amazon.com/?openid.assoc_handle=amzn_dp_project_dee&aToken=Atza...,https://alexa.amazon.com/?openid.assoc_handle=amzn_dp_project_dee&aToken=Atza%7CIwEBIJJBWDVSaes5SCT-ycC3_FCQJA9hGDFDD3Hbsvr8Jq_OQ2q0m7pufLgqrkV3o7rpB_MXBu-zdaTk9uLoEaP7WKc_FRV5sBGjr3O7TqJsZpGn6QsyLVNZlyPM2G--EM4SU67eot5cHUqT3bfOH5yTg6Xf6KsraRmpFVPiyRoM0TFff1itGAiOdBb0UnvvPgRFBKSxrBMwwyYhVTrwzpHH_PkMTzOwO8cLWcayk2PI9uCEBesIJZzY8rHYuHEAuKeacM_VCiTbO0p-gtT2L0sZF98k6ObF802cRkxPPjBrHbSnOpaXUGk0IkHtQPMAMxcAmUSb_6dhlvnHY4TNVIJD8cWYqfqy-kHgHrUCuzd2ejQqRtcadGrCdUOcV0EAHfUGadDTHxypo1X2-6dbEm3GeCVT&openid.claimed_id=https%3A%2F%2Fwww.amazon.com%2Fap%2Fid%2Famzn1.account.AGGMG4DRSURCQ7QT4TCLAINUZT2Q&openid.identity=https%3A%2F%2Fwww.amazon.com%2Fap%2Fid%2Famzn1.account.AGGMG4DRSURCQ7QT4TCLAINUZT2Q&openid.mode=id_res&openid.ns=http%3A%2F%2Fspecs.openid.net%2Fauth%2F2.0&openid.op_endpoint=https%3A%2F%2Fwww.amazon.com%2Fap%2Fsignin&openid.response_nonce=2018-03-27T08%3A31%3A58Z-8098002837425949003&openid.return_to=https%3A%2F%2Falexa.amazon.com%2F&openid.signed=assoc_handle%2CaToken%2Cclaimed_id%2Cidentity%2Cmode%2Cns%2Cop_endpoint%2Cresponse_nonce%2Creturn_to%2Cns.pape%2Cpape.auth_policies%2Cpape.auth_time%2Csigned&openid.ns.pape=http%3A%2F%2Fspecs.openid.net%2Fextensions%2Fpape%2F1.0&openid.pape.auth_policies=http%3A%2F%2Fschemas.openid.net%2Fpape%2Fpolicies%2F2007%2F06%2Fnone&openid.pape.auth_time=2018-03-27T08%3A31%3A58Z&openid.sig=fIWEFP6ghyaPGIVDrTzvdarFByjvCxXZ4nejmf4o%2BII%3D&serial=& (Amazon Alexa) [count: 0] Host: alexa.amazon.com Visit Source: [SOURCE_SYNCED] Type: [TYPED - User typed the URL in the URL bar] (URL not typed directly - no typed count),2,OS:/mnt/ewf/data/com.android.chrome/app_chrome/Default/History,718488,-,sqlite/chrome_history,sha256_hash: a8ea4643134d8887fd0afad3a8cc6710f6d1b741347802491d10fcba3886a502 
03/27/2018,08:31:59,UTC,.A..,WEBHIST,Chrome History,Page Visited,-,-,https://www.amazon.com/ap/signin?showRmrMe=1&openid.return_to=https%3A%2F%2Fa...,https://www.amazon.com/ap/signin?showRmrMe=1&openid.return_to=https%3A%2F%2Falexa.amazon.com%2F&openid.identity=http%3A%2F%2Fspecs.openid.net%2Fauth%2F2.0%2Fidentifier_select&openid.assoc_handle=amzn_dp_project_dee&openid.mode=checkid_setup&openid.claimed_id=http%3A%2F%2Fspecs.openid.net%2Fauth%2F2.0%2Fidentifier_select&openid.ns=http%3A%2F%2Fspecs.openid.net%2Fauth%2F2.0& (Amazon Alexa) [count: 2] Host: www.amazon.com Visit Source: [SOURCE_SYNCED] Type: [TYPED - User typed the URL in the URL bar] (type count 2 times),2,OS:/mnt/ewf/data/com.android.chrome/app_chrome/Default/History,718488,-,sqlite/chrome_history,sha256_hash: a8ea4643134d8887fd0afad3a8cc6710f6d1b741347802491d10fcba3886a502 
03/27/2018,08:31:59,UTC,.A..,WEBHIST,Chrome History,Page Visited,-,-,http://alexa.amazon.com/spa/index.html (Amazon Alexa),http://alexa.amazon.com/spa/index.html (Amazon Alexa) [count: 0] Host: alexa.amazon.com Visit Source: [SOURCE_SYNCED] Type: [TYPED - User typed the URL in the URL bar] (URL not typed directly - no typed count),2,OS:/mnt/ewf/data/com.android.chrome/app_chrome/Default/History,718488,-,sqlite/chrome_history,sha256_hash: a8ea4643134d8887fd0afad3a8cc6710f6d1b741347802491d10fcba3886a502 
03/27/2018,08:31:59,UTC,.A..,WEBHIST,Chrome History,Page Visited,-,-,https://alexa.amazon.com/spa/index.html (Amazon Alexa),https://alexa.amazon.com/spa/index.html (Amazon Alexa) [count: 0] Host: alexa.amazon.com Visit Source: [SOURCE_SYNCED] Type: [TYPED - User typed the URL in the URL bar] (URL not typed directly - no typed count),2,OS:/mnt/ewf/data/com.android.chrome/app_chrome/Default/History,718488,-,sqlite/chrome_history,sha256_hash: a8ea4643134d8887fd0afad3a8cc6710f6d1b741347802491d10fcba3886a502 
03/27/2018,08:32:03,UTC,.A..,WEBHIST,Chrome History,Page Visited,-,-,https://alexa.amazon.com/spa/index.html (Amazon Alexa),https://alexa.amazon.com/spa/index.html (Amazon Alexa) [count: 0] Host: alexa.amazon.com Visit Source: [SOURCE_SYNCED] Type: [LINK - User clicked a link] (URL not typed directly - no typed count),2,OS:/mnt/ewf/data/com.android.chrome/app_chrome/Default/History,718488,-,sqlite/chrome_history,sha256_hash: a8ea4643134d8887fd0afad3a8cc6710f6d1b741347802491d10fcba3886a502 
03/27/2018,08:32:10,UTC,.A..,WEBHIST,Chrome History,Page Visited,-,-,https://www.amazon.com/ (Amazon.com: Online Shopping for Electronics  Apparel...,https://www.amazon.com/ (Amazon.com: Online Shopping for Electronics  Apparel  Computers  Books  DVDs & more) [count: 1] Host: www.amazon.com Visit Source: [SOURCE_SYNCED] Type: [TYPED - User typed the URL in the URL bar] (type count 1 time),2,OS:/mnt/ewf/data/com.android.chrome/app_chrome/Default/History,718488,-,sqlite/chrome_history,sha256_hash: a8ea4643134d8887fd0afad3a8cc6710f6d1b741347802491d10fcba3886a502 
03/27/2018,08:34:32,UTC,.A..,WEBHIST,Chrome History,Page Visited,-,-,https://inbox.google.com/?pli=1 (Inbox – jpinkman2018@gmail.com),https://inbox.google.com/?pli=1 (Inbox – jpinkman2018@gmail.com) [count: 2] Host: inbox.google.com Visit Source: [SOURCE_SYNCED] Type: [TYPED - User typed the URL in the URL bar] (type count 2 times),2,OS:/mnt/ewf/data/com.android.chrome/app_chrome/Default/History,718488,-,sqlite/chrome_history,sha256_hash: a8ea4643134d8887fd0afad3a8cc6710f6d1b741347802491d10fcba3886a502 
03/27/2018,08:34:32,UTC,.A..,WEBHIST,Chrome History,Page Visited,-,-,https://accounts.google.com/ServiceLogin?passive=1209600&osid=1&continue=http...,https://accounts.google.com/ServiceLogin?passive=1209600&osid=1&continue=https://inbox.google.com/?pli%3D1&followup=https://inbox.google.com/?pli%3D1 (Accedi - Google Account) [count: 0] Host: accounts.google.com Visit Source: [SOURCE_SYNCED] Type: [TYPED - User typed the URL in the URL bar] (URL not typed directly - no typed count),2,OS:/mnt/ewf/data/com.android.chrome/app_chrome/Default/History,718488,-,sqlite/chrome_history,sha256_hash: a8ea4643134d8887fd0afad3a8cc6710f6d1b741347802491d10fcba3886a502 
03/27/2018,08:34:47,UTC,.A..,WEBHIST,Chrome History,Page Visited,-,-,https://inbox.google.com/?pli=1 (Inbox – jpinkman2018@gmail.com),https://inbox.google.com/?pli=1 (Inbox – jpinkman2018@gmail.com) [count: 2] Host: inbox.google.com Visit Source: [SOURCE_SYNCED] Type: [LINK - User clicked a link] (type count 2 times),2,OS:/mnt/ewf/data/com.android.chrome/app_chrome/Default/History,718488,-,sqlite/chrome_history,sha256_hash: a8ea4643134d8887fd0afad3a8cc6710f6d1b741347802491d10fcba3886a502 
03/27/2018,08:35:32,UTC,.A..,WEBHIST,Chrome History,Page Visited,-,-,https://alexa.amazon.com/spa/index.html (Amazon Alexa),https://alexa.amazon.com/spa/index.html (Amazon Alexa) [count: 0] Host: alexa.amazon.com Visit Source: [SOURCE_SYNCED] Type: [FORM_SUBMIT - A form the user has submitted values to] (URL not typed directly - no typed count),2,OS:/mnt/ewf/data/com.android.chrome/app_chrome/Default/History,718488,-,sqlite/chrome_history,sha256_hash: a8ea4643134d8887fd0afad3a8cc6710f6d1b741347802491d10fcba3886a502 
03/27/2018,08:35:35,UTC,.A..,WEBHIST,Chrome History,Page Visited,-,-,https://alexa.amazon.com/spa/index.html (Amazon Alexa),https://alexa.amazon.com/spa/index.html (Amazon Alexa) [count: 0] Host: alexa.amazon.com Visit Source: [SOURCE_SYNCED] Type: [LINK - User clicked a link] (URL not typed directly - no typed count),2,OS:/mnt/ewf/data/com.android.chrome/app_chrome/Default/History,718488,-,sqlite/chrome_history,sha256_hash: a8ea4643134d8887fd0afad3a8cc6710f6d1b741347802491d10fcba3886a502 
03/27/2018,08:55:39,UTC,.A..,WEBHIST,Chrome History,Page Visited,-,-,https://play.spotify.com/ (Spotify Web Player),https://play.spotify.com/ (Spotify Web Player) [count: 0] Host: play.spotify.com Visit Source: [SOURCE_SYNCED] Type: [TYPED - User typed the URL in the URL bar] (URL not typed directly - no typed count),2,OS:/mnt/ewf/data/com.android.chrome/app_chrome/Default/History,718488,-,sqlite/chrome_history,sha256_hash: a8ea4643134d8887fd0afad3a8cc6710f6d1b741347802491d10fcba3886a502 
03/27/2018,08:55:39,UTC,.A..,WEBHIST,Chrome History,Page Visited,-,-,https://open.spotify.com/ (Spotify Web Player),https://open.spotify.com/ (Spotify Web Player) [count: 0] Host: open.spotify.com Visit Source: [SOURCE_SYNCED] Type: [TYPED - User typed the URL in the URL bar] (URL not typed directly - no typed count),2,OS:/mnt/ewf/data/com.android.chrome/app_chrome/Default/History,718488,-,sqlite/chrome_history,sha256_hash: a8ea4643134d8887fd0afad3a8cc6710f6d1b741347802491d10fcba3886a502 
03/27/2018,08:55:39,UTC,.A..,WEBHIST,Chrome History,Page Visited,-,-,http://play.spotify.com/ (Spotify Web Player),http://play.spotify.com/ (Spotify Web Player) [count: 1] Host: play.spotify.com Visit Source: [SOURCE_SYNCED] Type: [TYPED - User typed the URL in the URL bar] (type count 1 time),2,OS:/mnt/ewf/data/com.android.chrome/app_chrome/Default/History,718488,-,sqlite/chrome_history,sha256_hash: a8ea4643134d8887fd0afad3a8cc6710f6d1b741347802491d10fcba3886a502 
03/27/2018,10:03:36,UTC,.A..,WEBHIST,Chrome History,Page Visited,-,-,http://inbox.google.com/ (Inbox by Gmail),http://inbox.google.com/ (Inbox by Gmail) [count: 2] Host: inbox.google.com Visit Source: [SOURCE_SYNCED] Type: [TYPED - User typed the URL in the URL bar] (type count 2 times),2,OS:/mnt/ewf/data/com.android.chrome/app_chrome/Default/History,718488,-,sqlite/chrome_history,sha256_hash: a8ea4643134d8887fd0afad3a8cc6710f6d1b741347802491d10fcba3886a502 
03/27/2018,10:03:36,UTC,.A..,WEBHIST,Chrome History,Page Visited,-,-,https://inbox.google.com/u/0/ (Inbox by Gmail),https://inbox.google.com/u/0/ (Inbox by Gmail) [count: 0] Host: inbox.google.com Visit Source: [SOURCE_SYNCED] Type: [TYPED - User typed the URL in the URL bar] (URL not typed directly - no typed count),2,OS:/mnt/ewf/data/com.android.chrome/app_chrome/Default/History,718488,-,sqlite/chrome_history,sha256_hash: a8ea4643134d8887fd0afad3a8cc6710f6d1b741347802491d10fcba3886a502 
03/27/2018,11:38:09,UTC,.A..,WEBHIST,Chrome History,Page Visited,-,-,http://172.16.42.1:1471/ (WiFi Pineapple),http://172.16.42.1:1471/ (WiFi Pineapple) [count: 3] Host: 172.16.42.1:1471 Visit Source: [SOURCE_SYNCED] Type: [TYPED - User typed the URL in the URL bar] (type count 3 times),2,OS:/mnt/ewf/data/com.android.chrome/app_chrome/Default/History,718488,-,sqlite/chrome_history,sha256_hash: a8ea4643134d8887fd0afad3a8cc6710f6d1b741347802491d10fcba3886a502 
03/27/2018,11:38:09,UTC,.A..,WEBHIST,Chrome History,Page Visited,-,-,http://172.16.42.1:1471/ (WiFi Pineapple),http://172.16.42.1:1471/ (WiFi Pineapple) [count: 3] Host: 172.16.42.1:1471 Visit Source: [SOURCE_SYNCED] Type: [LINK - User clicked a link] (type count 3 times),2,OS:/mnt/ewf/data/com.android.chrome/app_chrome/Default/History,718488,-,sqlite/chrome_history,sha256_hash: a8ea4643134d8887fd0afad3a8cc6710f6d1b741347802491d10fcba3886a502 
03/27/2018,12:23:52,UTC,.A..,WEBHIST,Chrome History,Page Visited,-,-,http://alexa.amazon.com/ (Amazon Alexa),http://alexa.amazon.com/ (Amazon Alexa) [count: 4] Host: alexa.amazon.com Visit Source: [SOURCE_SYNCED] Type: [TYPED - User typed the URL in the URL bar] (type count 4 times),2,OS:/mnt/ewf/data/com.android.chrome/app_chrome/Default/History,718488,-,sqlite/chrome_history,sha256_hash: a8ea4643134d8887fd0afad3a8cc6710f6d1b741347802491d10fcba3886a502 
03/27/2018,12:23:52,UTC,.A..,WEBHIST,Chrome History,Page Visited,-,-,https://alexa.amazon.com/spa/index.html (Amazon Alexa),https://alexa.amazon.com/spa/index.html (Amazon Alexa) [count: 0] Host: alexa.amazon.com Visit Source: [SOURCE_SYNCED] Type: [TYPED - User typed the URL in the URL bar] (URL not typed directly - no typed count),2,OS:/mnt/ewf/data/com.android.chrome/app_chrome/Default/History,718488,-,sqlite/chrome_history,sha256_hash: a8ea4643134d8887fd0afad3a8cc6710f6d1b741347802491d10fcba3886a502 
03/27/2018,12:23:55,UTC,.A..,WEBHIST,Chrome History,Page Visited,-,-,https://alexa.amazon.com/spa/index.html (Amazon Alexa),https://alexa.amazon.com/spa/index.html (Amazon Alexa) [count: 0] Host: alexa.amazon.com Visit Source: [SOURCE_SYNCED] Type: [LINK - User clicked a link] (URL not typed directly - no typed count),2,OS:/mnt/ewf/data/com.android.chrome/app_chrome/Default/History,718488,-,sqlite/chrome_history,sha256_hash: a8ea4643134d8887fd0afad3a8cc6710f6d1b741347802491d10fcba3886a502 
03/28/2018,13:31:19,UTC,.A..,WEBHIST,Chrome History,Page Visited,-,-,https://arlo.netgear.com/ (Arlo Smart Home Security Cameras | Home Monitoring...,https://arlo.netgear.com/ (Arlo Smart Home Security Cameras | Home Monitoring | Arlo by NETGEAR) [count: 0] Host: arlo.netgear.com Visit Source: [SOURCE_SYNCED] Type: [TYPED - User typed the URL in the URL bar] (URL not typed directly - no typed count),2,OS:/mnt/ewf/data/com.android.chrome/app_chrome/Default/History,718488,-,sqlite/chrome_history,sha256_hash: a8ea4643134d8887fd0afad3a8cc6710f6d1b741347802491d10fcba3886a502 
03/28/2018,13:31:19,UTC,.A..,WEBHIST,Chrome History,Page Visited,-,-,http://arlo.netgear.com/ (Arlo Smart Home Security Cameras | Home Monitoring ...,http://arlo.netgear.com/ (Arlo Smart Home Security Cameras | Home Monitoring | Arlo by NETGEAR) [count: 3] Host: arlo.netgear.com Visit Source: [SOURCE_SYNCED] Type: [TYPED - User typed the URL in the URL bar] (type count 3 times),2,OS:/mnt/ewf/data/com.android.chrome/app_chrome/Default/History,718488,-,sqlite/chrome_history,sha256_hash: a8ea4643134d8887fd0afad3a8cc6710f6d1b741347802491d10fcba3886a502 
03/28/2018,13:31:20,UTC,.A..,WEBHIST,Chrome History,Page Visited,-,-,https://arlo.netgear.com/ (Arlo Smart Home Security Cameras | Home Monitoring...,https://arlo.netgear.com/ (Arlo Smart Home Security Cameras | Home Monitoring | Arlo by NETGEAR) [count: 0] Host: arlo.netgear.com Visit Source: [SOURCE_SYNCED] Type: [LINK - User clicked a link] (URL not typed directly - no typed count),2,OS:/mnt/ewf/data/com.android.chrome/app_chrome/Default/History,718488,-,sqlite/chrome_history,sha256_hash: a8ea4643134d8887fd0afad3a8cc6710f6d1b741347802491d10fcba3886a502 
04/06/2018,10:42:04,UTC,.A..,WEBHIST,Chrome History,Page Visited,-,-,https://inbox.google.com/ (Inbox – jpinkman2018@gmail.com),https://inbox.google.com/ (Inbox – jpinkman2018@gmail.com) [count: 0] Host: inbox.google.com Visit Source: [SOURCE_SYNCED] Type: [TYPED - User typed the URL in the URL bar] (URL not typed directly - no typed count),2,OS:/mnt/ewf/data/com.android.chrome/app_chrome/Default/History,718488,-,sqlite/chrome_history,sha256_hash: a8ea4643134d8887fd0afad3a8cc6710f6d1b741347802491d10fcba3886a502 
04/06/2018,10:42:04,UTC,.A..,WEBHIST,Chrome History,Page Visited,-,-,https://www.google.com/gmail/ (Inbox – jpinkman2018@gmail.com),https://www.google.com/gmail/ (Inbox – jpinkman2018@gmail.com) [count: 0] Host: www.google.com Visit Source: [SOURCE_SYNCED] Type: [TYPED - User typed the URL in the URL bar] (URL not typed directly - no typed count),2,OS:/mnt/ewf/data/com.android.chrome/app_chrome/Default/History,718488,-,sqlite/chrome_history,sha256_hash: a8ea4643134d8887fd0afad3a8cc6710f6d1b741347802491d10fcba3886a502 
04/06/2018,10:42:04,UTC,.A..,WEBHIST,Chrome History,Page Visited,-,-,https://mail.google.com/mail/ (Inbox – jpinkman2018@gmail.com),https://mail.google.com/mail/ (Inbox – jpinkman2018@gmail.com) [count: 0] Host: mail.google.com Visit Source: [SOURCE_SYNCED] Type: [TYPED - User typed the URL in the URL bar] (URL not typed directly - no typed count),2,OS:/mnt/ewf/data/com.android.chrome/app_chrome/Default/History,718488,-,sqlite/chrome_history,sha256_hash: a8ea4643134d8887fd0afad3a8cc6710f6d1b741347802491d10fcba3886a502 
04/06/2018,10:42:04,UTC,.A..,WEBHIST,Chrome History,Page Visited,-,-,https://gmail.com/ (Inbox – jpinkman2018@gmail.com),https://gmail.com/ (Inbox – jpinkman2018@gmail.com) [count: 0] Host: gmail.com Visit Source: [SOURCE_SYNCED] Type: [TYPED - User typed the URL in the URL bar] (URL not typed directly - no typed count),2,OS:/mnt/ewf/data/com.android.chrome/app_chrome/Default/History,718488,-,sqlite/chrome_history,sha256_hash: a8ea4643134d8887fd0afad3a8cc6710f6d1b741347802491d10fcba3886a502 
04/06/2018,10:42:04,UTC,.A..,WEBHIST,Chrome History,Page Visited,-,-,http://gmail.com/ (Inbox – jpinkman2018@gmail.com),http://gmail.com/ (Inbox – jpinkman2018@gmail.com) [count: 3] Host: gmail.com Visit Source: [SOURCE_SYNCED] Type: [TYPED - User typed the URL in the URL bar] (type count 3 times),2,OS:/mnt/ewf/data/com.android.chrome/app_chrome/Default/History,718488,-,sqlite/chrome_history,sha256_hash: a8ea4643134d8887fd0afad3a8cc6710f6d1b741347802491d10fcba3886a502 
04/06/2018,10:42:05,UTC,.A..,WEBHIST,Chrome History,Page Visited,-,-,https://inbox.google.com/ (Inbox – jpinkman2018@gmail.com),https://inbox.google.com/ (Inbox – jpinkman2018@gmail.com) [count: 0] Host: inbox.google.com Visit Source: [SOURCE_SYNCED] Type: [LINK - User clicked a link] (URL not typed directly - no typed count),2,OS:/mnt/ewf/data/com.android.chrome/app_chrome/Default/History,718488,-,sqlite/chrome_history,sha256_hash: a8ea4643134d8887fd0afad3a8cc6710f6d1b741347802491d10fcba3886a502 
04/06/2018,10:42:05,UTC,.A..,WEBHIST,Chrome History,Page Visited,-,-,https://inbox.google.com/ (Inbox – jpinkman2018@gmail.com),https://inbox.google.com/ (Inbox – jpinkman2018@gmail.com) [count: 0] Host: inbox.google.com Visit Source: [SOURCE_SYNCED] Type: [LINK - User clicked a link] (URL not typed directly - no typed count),2,OS:/mnt/ewf/data/com.android.chrome/app_chrome/Default/History,718488,-,sqlite/chrome_history,sha256_hash: a8ea4643134d8887fd0afad3a8cc6710f6d1b741347802491d10fcba3886a502 
04/09/2018,08:13:19,UTC,.A..,WEBHIST,Chrome History,Page Visited,-,-,https://inbox.google.com/ (Inbox – jpinkman2018@gmail.com),https://inbox.google.com/ (Inbox – jpinkman2018@gmail.com) [count: 0] Host: inbox.google.com Visit Source: [SOURCE_SYNCED] Type: [AUTO_BOOKMARK - Got through a suggestion in the UI] (URL not typed directly - no typed count),2,OS:/mnt/ewf/data/com.android.chrome/app_chrome/Default/History,718488,-,sqlite/chrome_history,sha256_hash: a8ea4643134d8887fd0afad3a8cc6710f6d1b741347802491d10fcba3886a502 
04/09/2018,08:13:19,UTC,.A..,WEBHIST,Chrome History,Page Visited,-,-,https://mail.google.com/mail/ (Inbox – jpinkman2018@gmail.com),https://mail.google.com/mail/ (Inbox – jpinkman2018@gmail.com) [count: 0] Host: mail.google.com Visit Source: [SOURCE_SYNCED] Type: [AUTO_BOOKMARK - Got through a suggestion in the UI] (URL not typed directly - no typed count),2,OS:/mnt/ewf/data/com.android.chrome/app_chrome/Default/History,718488,-,sqlite/chrome_history,sha256_hash: a8ea4643134d8887fd0afad3a8cc6710f6d1b741347802491d10fcba3886a502 
04/09/2018,08:13:21,UTC,.A..,WEBHIST,Chrome History,Page Visited,-,-,https://inbox.google.com/ (Inbox – jpinkman2018@gmail.com),https://inbox.google.com/ (Inbox – jpinkman2018@gmail.com) [count: 0] Host: inbox.google.com Visit Source: [SOURCE_SYNCED] Type: [LINK - User clicked a link] (URL not typed directly - no typed count),2,OS:/mnt/ewf/data/com.android.chrome/app_chrome/Default/History,718488,-,sqlite/chrome_history,sha256_hash: a8ea4643134d8887fd0afad3a8cc6710f6d1b741347802491d10fcba3886a502 
04/09/2018,08:13:21,UTC,.A..,WEBHIST,Chrome History,Page Visited,-,-,https://inbox.google.com/ (Inbox – jpinkman2018@gmail.com),https://inbox.google.com/ (Inbox – jpinkman2018@gmail.com) [count: 0] Host: inbox.google.com Visit Source: [SOURCE_SYNCED] Type: [LINK - User clicked a link] (URL not typed directly - no typed count),2,OS:/mnt/ewf/data/com.android.chrome/app_chrome/Default/History,718488,-,sqlite/chrome_history,sha256_hash: a8ea4643134d8887fd0afad3a8cc6710f6d1b741347802491d10fcba3886a502 
04/09/2018,18:57:31,UTC,.A..,WEBHIST,Chrome History,Page Visited,-,-,https://transmission.Pinkman.ch/ (Accedi),https://transmission.Pinkman.ch/ (Accedi) [count: 0] Host: transmission.Pinkman.ch Visit Source: [SOURCE_SYNCED] Type: [TYPED - User typed the URL in the URL bar] (URL not typed directly - no typed count),2,OS:/mnt/ewf/data/com.android.chrome/app_chrome/Default/History,718488,-,sqlite/chrome_history,sha256_hash: a8ea4643134d8887fd0afad3a8cc6710f6d1b741347802491d10fcba3886a502 
04/09/2018,18:57:31,UTC,.A..,WEBHIST,Chrome History,Page Visited,-,-,https://aai.Pinkman.ch/adfs/ls?version=1.0&action=signin&realm=urn%3AAppProxy...,https://aai.Pinkman.ch/adfs/ls?version=1.0&action=signin&realm=urn%3AAppProxy%3Acom&appRealm=8ed200d8-b61b-e811-8977-00155d01144d&returnUrl=https%3A%2F%2Ftransmission.Pinkman.ch%2F&client-request-id=21899236-D019-0000-29A5-892119D0D301 (kettu) [count: 0] Host: aai.Pinkman.ch Visit Source: [SOURCE_SYNCED] Type: [TYPED - User typed the URL in the URL bar] (URL not typed directly - no typed count),2,OS:/mnt/ewf/data/com.android.chrome/app_chrome/Default/History,718488,-,sqlite/chrome_history,sha256_hash: a8ea4643134d8887fd0afad3a8cc6710f6d1b741347802491d10fcba3886a502 
04/09/2018,18:57:31,UTC,.A..,WEBHIST,Chrome History,Page Visited,-,-,http://transmission.Pinkman.ch/ (Accedi),http://transmission.Pinkman.ch/ (Accedi) [count: 1] Host: transmission.Pinkman.ch Visit Source: [SOURCE_SYNCED] Type: [TYPED - User typed the URL in the URL bar] (type count 1 time),2,OS:/mnt/ewf/data/com.android.chrome/app_chrome/Default/History,718488,-,sqlite/chrome_history,sha256_hash: a8ea4643134d8887fd0afad3a8cc6710f6d1b741347802491d10fcba3886a502 
04/09/2018,18:57:41,UTC,.A..,WEBHIST,Chrome History,Page Visited,-,-,https://aai.Pinkman.ch/adfs/ls?version=1.0&action=signin&realm=urn%3AAppProxy...,https://aai.Pinkman.ch/adfs/ls?version=1.0&action=signin&realm=urn%3AAppProxy%3Acom&appRealm=8ed200d8-b61b-e811-8977-00155d01144d&returnUrl=https%3A%2F%2Ftransmission.Pinkman.ch%2F&client-request-id=21899236-D019-0000-29A5-892119D0D301 (kettu) [count: 0] Host: aai.Pinkman.ch Visit Source: [SOURCE_SYNCED] Type: [FORM_SUBMIT - A form the user has submitted values to] (URL not typed directly - no typed count),2,OS:/mnt/ewf/data/com.android.chrome/app_chrome/Default/History,718488,-,sqlite/chrome_history,sha256_hash: a8ea4643134d8887fd0afad3a8cc6710f6d1b741347802491d10fcba3886a502 
04/17/2018,08:59:41,UTC,.A..,WEBHIST,Chrome History,Page Visited,-,-,http://172.16.42.1:1471/ (WiFi Pineapple),http://172.16.42.1:1471/ (WiFi Pineapple) [count: 3] Host: 172.16.42.1:1471 Visit Source: [SOURCE_SYNCED] Type: [TYPED - User typed the URL in the URL bar] (type count 3 times),2,OS:/mnt/ewf/data/com.android.chrome/app_chrome/Default/History,718488,-,sqlite/chrome_history,sha256_hash: a8ea4643134d8887fd0afad3a8cc6710f6d1b741347802491d10fcba3886a502 
04/17/2018,08:59:42,UTC,.A..,WEBHIST,Chrome History,Page Visited,-,-,http://172.16.42.1:1471/ (WiFi Pineapple),http://172.16.42.1:1471/ (WiFi Pineapple) [count: 3] Host: 172.16.42.1:1471 Visit Source: [SOURCE_SYNCED] Type: [LINK - User clicked a link] (type count 3 times),2,OS:/mnt/ewf/data/com.android.chrome/app_chrome/Default/History,718488,-,sqlite/chrome_history,sha256_hash: a8ea4643134d8887fd0afad3a8cc6710f6d1b741347802491d10fcba3886a502 
04/17/2018,09:18:27,UTC,.A..,WEBHIST,Chrome History,Page Visited,-,-,https://www.google.ch/search?q=iptables+interface&oq=sslsplit+interface&aqs=c...,https://www.google.ch/search?q=iptables+interface&oq=sslsplit+interface&aqs=chrome..69i57j69i60.6379j0j7&sourceid=chrome&ie=UTF-8 (iptables interface - Cerca con Google) [count: 1] Host: www.google.ch Visit Source: [SOURCE_SYNCED] Type: [TYPED - User typed the URL in the URL bar] (type count 1 time),2,OS:/mnt/ewf/data/com.android.chrome/app_chrome/Default/History,718488,-,sqlite/chrome_history,sha256_hash: a8ea4643134d8887fd0afad3a8cc6710f6d1b741347802491d10fcba3886a502 
04/17/2018,09:33:04,UTC,.A..,WEBHIST,Chrome History,Page Visited,-,-,http://172.16.42.1:1471/ (WiFi Pineapple),http://172.16.42.1:1471/ (WiFi Pineapple) [count: 3] Host: 172.16.42.1:1471 Visit Source: [SOURCE_SYNCED] Type: [TYPED - User typed the URL in the URL bar] (type count 3 times),2,OS:/mnt/ewf/data/com.android.chrome/app_chrome/Default/History,718488,-,sqlite/chrome_history,sha256_hash: a8ea4643134d8887fd0afad3a8cc6710f6d1b741347802491d10fcba3886a502 
04/17/2018,12:00:34,UTC,.A..,WEBHIST,Chrome History,Page Visited,-,-,https://inbox.google.com/ (Inbox – jpinkman2018@gmail.com),https://inbox.google.com/ (Inbox – jpinkman2018@gmail.com) [count: 0] Host: inbox.google.com Visit Source: [SOURCE_SYNCED] Type: [TYPED - User typed the URL in the URL bar] (URL not typed directly - no typed count),2,OS:/mnt/ewf/data/com.android.chrome/app_chrome/Default/History,718488,-,sqlite/chrome_history,sha256_hash: a8ea4643134d8887fd0afad3a8cc6710f6d1b741347802491d10fcba3886a502 
04/17/2018,12:00:34,UTC,.A..,WEBHIST,Chrome History,Page Visited,-,-,https://mail.google.com/mail/ (Inbox – jpinkman2018@gmail.com),https://mail.google.com/mail/ (Inbox – jpinkman2018@gmail.com) [count: 0] Host: mail.google.com Visit Source: [SOURCE_SYNCED] Type: [TYPED - User typed the URL in the URL bar] (URL not typed directly - no typed count),2,OS:/mnt/ewf/data/com.android.chrome/app_chrome/Default/History,718488,-,sqlite/chrome_history,sha256_hash: a8ea4643134d8887fd0afad3a8cc6710f6d1b741347802491d10fcba3886a502 
04/17/2018,12:00:34,UTC,.A..,WEBHIST,Chrome History,Page Visited,-,-,https://www.google.com/gmail/ (Inbox – jpinkman2018@gmail.com),https://www.google.com/gmail/ (Inbox – jpinkman2018@gmail.com) [count: 0] Host: www.google.com Visit Source: [SOURCE_SYNCED] Type: [TYPED - User typed the URL in the URL bar] (URL not typed directly - no typed count),2,OS:/mnt/ewf/data/com.android.chrome/app_chrome/Default/History,718488,-,sqlite/chrome_history,sha256_hash: a8ea4643134d8887fd0afad3a8cc6710f6d1b741347802491d10fcba3886a502 
04/17/2018,12:00:34,UTC,.A..,WEBHIST,Chrome History,Page Visited,-,-,http://gmail.com/ (Inbox – jpinkman2018@gmail.com),http://gmail.com/ (Inbox – jpinkman2018@gmail.com) [count: 3] Host: gmail.com Visit Source: [SOURCE_SYNCED] Type: [TYPED - User typed the URL in the URL bar] (type count 3 times),2,OS:/mnt/ewf/data/com.android.chrome/app_chrome/Default/History,718488,-,sqlite/chrome_history,sha256_hash: a8ea4643134d8887fd0afad3a8cc6710f6d1b741347802491d10fcba3886a502 
04/17/2018,12:00:34,UTC,.A..,WEBHIST,Chrome History,Page Visited,-,-,https://gmail.com/ (Inbox – jpinkman2018@gmail.com),https://gmail.com/ (Inbox – jpinkman2018@gmail.com) [count: 0] Host: gmail.com Visit Source: [SOURCE_SYNCED] Type: [TYPED - User typed the URL in the URL bar] (URL not typed directly - no typed count),2,OS:/mnt/ewf/data/com.android.chrome/app_chrome/Default/History,718488,-,sqlite/chrome_history,sha256_hash: a8ea4643134d8887fd0afad3a8cc6710f6d1b741347802491d10fcba3886a502 
04/17/2018,12:00:35,UTC,.A..,WEBHIST,Chrome History,Page Visited,-,-,https://inbox.google.com/ (Inbox – jpinkman2018@gmail.com),https://inbox.google.com/ (Inbox – jpinkman2018@gmail.com) [count: 0] Host: inbox.google.com Visit Source: [SOURCE_SYNCED] Type: [LINK - User clicked a link] (URL not typed directly - no typed count),2,OS:/mnt/ewf/data/com.android.chrome/app_chrome/Default/History,718488,-,sqlite/chrome_history,sha256_hash: a8ea4643134d8887fd0afad3a8cc6710f6d1b741347802491d10fcba3886a502 
04/17/2018,12:00:36,UTC,.A..,WEBHIST,Chrome History,Page Visited,-,-,https://inbox.google.com/ (Inbox – jpinkman2018@gmail.com),https://inbox.google.com/ (Inbox – jpinkman2018@gmail.com) [count: 0] Host: inbox.google.com Visit Source: [SOURCE_SYNCED] Type: [LINK - User clicked a link] (URL not typed directly - no typed count),2,OS:/mnt/ewf/data/com.android.chrome/app_chrome/Default/History,718488,-,sqlite/chrome_history,sha256_hash: a8ea4643134d8887fd0afad3a8cc6710f6d1b741347802491d10fcba3886a502 
04/17/2018,12:06:42,UTC,.A..,WEBHIST,Chrome History,Page Visited,-,-,http://nest.com/it/ (Nest | Crea una casa connessa),http://nest.com/it/ (Nest | Crea una casa connessa) [count: 0] Host: nest.com Visit Source: [SOURCE_SYNCED] Type: [TYPED - User typed the URL in the URL bar] (URL not typed directly - no typed count),2,OS:/mnt/ewf/data/com.android.chrome/app_chrome/Default/History,718488,-,sqlite/chrome_history,sha256_hash: a8ea4643134d8887fd0afad3a8cc6710f6d1b741347802491d10fcba3886a502 
04/17/2018,12:06:42,UTC,.A..,WEBHIST,Chrome History,Page Visited,-,-,https://nest.com/it/ (Nest | Crea una casa connessa),https://nest.com/it/ (Nest | Crea una casa connessa) [count: 0] Host: nest.com Visit Source: [SOURCE_SYNCED] Type: [TYPED - User typed the URL in the URL bar] (URL not typed directly - no typed count),2,OS:/mnt/ewf/data/com.android.chrome/app_chrome/Default/History,718488,-,sqlite/chrome_history,sha256_hash: a8ea4643134d8887fd0afad3a8cc6710f6d1b741347802491d10fcba3886a502 
04/17/2018,12:06:42,UTC,.A..,WEBHIST,Chrome History,Page Visited,-,-,http://nest.com/ (Nest | Crea una casa connessa),http://nest.com/ (Nest | Crea una casa connessa) [count: 5] Host: nest.com Visit Source: [SOURCE_SYNCED] Type: [TYPED - User typed the URL in the URL bar] (type count 5 times),2,OS:/mnt/ewf/data/com.android.chrome/app_chrome/Default/History,718488,-,sqlite/chrome_history,sha256_hash: a8ea4643134d8887fd0afad3a8cc6710f6d1b741347802491d10fcba3886a502 
04/17/2018,12:06:42,UTC,.A..,WEBHIST,Chrome History,Page Visited,-,-,https://nest.com/ (Nest | Crea una casa connessa),https://nest.com/ (Nest | Crea una casa connessa) [count: 0] Host: nest.com Visit Source: [SOURCE_SYNCED] Type: [TYPED - User typed the URL in the URL bar] (URL not typed directly - no typed count),2,OS:/mnt/ewf/data/com.android.chrome/app_chrome/Default/History,718488,-,sqlite/chrome_history,sha256_hash: a8ea4643134d8887fd0afad3a8cc6710f6d1b741347802491d10fcba3886a502 
04/17/2018,12:07:11,UTC,.A..,WEBHIST,Chrome History,Page Visited,-,-,https://store.nest.com/ch/it/account/orders (Page Not Found),https://store.nest.com/ch/it/account/orders (Page Not Found) [count: 1] Host: store.nest.com Visit Source: [SOURCE_SYNCED] Type: [TYPED - User typed the URL in the URL bar] (type count 1 time),2,OS:/mnt/ewf/data/com.android.chrome/app_chrome/Default/History,718488,-,sqlite/chrome_history,sha256_hash: a8ea4643134d8887fd0afad3a8cc6710f6d1b741347802491d10fcba3886a502 
04/17/2018,12:07:12,UTC,.A..,WEBHIST,Chrome History,Page Visited,-,-,https://store.nest.com/ch/it/account/orders (Page Not Found),https://store.nest.com/ch/it/account/orders (Page Not Found) [count: 1] Host: store.nest.com Visit Source: [SOURCE_SYNCED] Type: [LINK - User clicked a link] (type count 1 time),2,OS:/mnt/ewf/data/com.android.chrome/app_chrome/Default/History,718488,-,sqlite/chrome_history,sha256_hash: a8ea4643134d8887fd0afad3a8cc6710f6d1b741347802491d10fcba3886a502 
04/17/2018,12:07:25,UTC,.A..,WEBHIST,Chrome History,Page Visited,-,-,https://store.nest.com/ch/fr/account/subscriptions/3a592060-26d1-11e8-83b6-0e...,https://store.nest.com/ch/fr/account/subscriptions/3a592060-26d1-11e8-83b6-0e2d565eed46 (Nest Store) [count: 1] Host: store.nest.com Visit Source: [SOURCE_SYNCED] Type: [TYPED - User typed the URL in the URL bar] (type count 1 time),2,OS:/mnt/ewf/data/com.android.chrome/app_chrome/Default/History,718488,-,sqlite/chrome_history,sha256_hash: a8ea4643134d8887fd0afad3a8cc6710f6d1b741347802491d10fcba3886a502 
04/17/2018,12:07:26,UTC,.A..,WEBHIST,Chrome History,Page Visited,-,-,https://store.nest.com/ch/fr/account/subscriptions/3a592060-26d1-11e8-83b6-0e...,https://store.nest.com/ch/fr/account/subscriptions/3a592060-26d1-11e8-83b6-0e2d565eed46 (Nest Store) [count: 1] Host: store.nest.com Visit Source: [SOURCE_SYNCED] Type: [LINK - User clicked a link] (type count 1 time),2,OS:/mnt/ewf/data/com.android.chrome/app_chrome/Default/History,718488,-,sqlite/chrome_history,sha256_hash: a8ea4643134d8887fd0afad3a8cc6710f6d1b741347802491d10fcba3886a502 
04/17/2018,12:15:48,UTC,.A..,WEBHIST,Chrome History,Page Visited,-,-,https://store.nest.com/ch/fr/account/subscriptions/3a592060-26d1-11e8-83b6-0e...,https://store.nest.com/ch/fr/account/subscriptions/3a592060-26d1-11e8-83b6-0e2d565eed46 (Nest Store) [count: 1] Host: store.nest.com Visit Source: [SOURCE_SYNCED] Type: [LINK - User clicked a link] (type count 1 time),2,OS:/mnt/ewf/data/com.android.chrome/app_chrome/Default/History,718488,-,sqlite/chrome_history,sha256_hash: a8ea4643134d8887fd0afad3a8cc6710f6d1b741347802491d10fcba3886a502 
04/17/2018,12:16:17,UTC,.A..,WEBHIST,Chrome History,Page Visited,-,-,https://store.nest.com/ch/fr/account/subscriptions/3a592060-26d1-11e8-83b6-0e...,https://store.nest.com/ch/fr/account/subscriptions/3a592060-26d1-11e8-83b6-0e2d565eed46 (Nest Store) [count: 1] Host: store.nest.com Visit Source: [SOURCE_SYNCED] Type: [LINK - User clicked a link] (type count 1 time),2,OS:/mnt/ewf/data/com.android.chrome/app_chrome/Default/History,718488,-,sqlite/chrome_history,sha256_hash: a8ea4643134d8887fd0afad3a8cc6710f6d1b741347802491d10fcba3886a502 
04/17/2018,12:16:24,UTC,.A..,WEBHIST,Chrome History,Page Visited,-,-,https://store.nest.com/ch/fr/account/subscriptions/3a592060-26d1-11e8-83b6-0e...,https://store.nest.com/ch/fr/account/subscriptions/3a592060-26d1-11e8-83b6-0e2d565eed46 (Nest Store) [count: 1] Host: store.nest.com Visit Source: [SOURCE_SYNCED] Type: [LINK - User clicked a link] (type count 1 time),2,OS:/mnt/ewf/data/com.android.chrome/app_chrome/Default/History,718488,-,sqlite/chrome_history,sha256_hash: a8ea4643134d8887fd0afad3a8cc6710f6d1b741347802491d10fcba3886a502 
04/17/2018,15:38:20,UTC,.A..,WEBHIST,Chrome History,Page Visited,-,-,https://nest.com/ (Nest | Crea una casa connessa),https://nest.com/ (Nest | Crea una casa connessa) [count: 0] Host: nest.com Visit Source: [SOURCE_SYNCED] Type: [TYPED - User typed the URL in the URL bar] (URL not typed directly - no typed count),2,OS:/mnt/ewf/data/com.android.chrome/app_chrome/Default/History,718488,-,sqlite/chrome_history,sha256_hash: a8ea4643134d8887fd0afad3a8cc6710f6d1b741347802491d10fcba3886a502 
04/17/2018,15:38:20,UTC,.A..,WEBHIST,Chrome History,Page Visited,-,-,http://nest.com/ (Nest | Crea una casa connessa),http://nest.com/ (Nest | Crea una casa connessa) [count: 5] Host: nest.com Visit Source: [SOURCE_SYNCED] Type: [TYPED - User typed the URL in the URL bar] (type count 5 times),2,OS:/mnt/ewf/data/com.android.chrome/app_chrome/Default/History,718488,-,sqlite/chrome_history,sha256_hash: a8ea4643134d8887fd0afad3a8cc6710f6d1b741347802491d10fcba3886a502 
04/23/2018,11:16:15,UTC,.A..,WEBHIST,Chrome History,Page Visited,-,-,http://regex101.com/ (Online regex tester and debugger: PHP  PCRE  Python  Go...,http://regex101.com/ (Online regex tester and debugger: PHP  PCRE  Python  Golang and JavaScript) [count: 1] Host: regex101.com Visit Source: [SOURCE_SYNCED] Type: [TYPED - User typed the URL in the URL bar] (type count 1 time),2,OS:/mnt/ewf/data/com.android.chrome/app_chrome/Default/History,718488,-,sqlite/chrome_history,sha256_hash: a8ea4643134d8887fd0afad3a8cc6710f6d1b741347802491d10fcba3886a502 
04/23/2018,11:16:15,UTC,.A..,WEBHIST,Chrome History,Page Visited,-,-,https://regex101.com/ (Online regex tester and debugger: PHP  PCRE  Python  G...,https://regex101.com/ (Online regex tester and debugger: PHP  PCRE  Python  Golang and JavaScript) [count: 0] Host: regex101.com Visit Source: [SOURCE_SYNCED] Type: [TYPED - User typed the URL in the URL bar] (URL not typed directly - no typed count),2,OS:/mnt/ewf/data/com.android.chrome/app_chrome/Default/History,718488,-,sqlite/chrome_history,sha256_hash: a8ea4643134d8887fd0afad3a8cc6710f6d1b741347802491d10fcba3886a502 
04/25/2018,09:16:03,UTC,.A..,WEBHIST,Chrome History,Page Visited,-,-,http://10.20.30.1/accounts/login/?next=/ (Pi-Pinapple),http://10.20.30.1/accounts/login/?next=/ (Pi-Pinapple) [count: 0] Host: 10.20.30.1 Visit Source: [SOURCE_SYNCED] Type: [TYPED - User typed the URL in the URL bar] (URL not typed directly - no typed count),2,OS:/mnt/ewf/data/com.android.chrome/app_chrome/Default/History,718488,-,sqlite/chrome_history,sha256_hash: a8ea4643134d8887fd0afad3a8cc6710f6d1b741347802491d10fcba3886a502 
04/25/2018,09:16:03,UTC,.A..,WEBHIST,Chrome History,Page Visited,-,-,http://10.20.30.1/ (Pi-Pinapple),http://10.20.30.1/ (Pi-Pinapple) [count: 2] Host: 10.20.30.1 Visit Source: [SOURCE_SYNCED] Type: [TYPED - User typed the URL in the URL bar] (type count 2 times),2,OS:/mnt/ewf/data/com.android.chrome/app_chrome/Default/History,718488,-,sqlite/chrome_history,sha256_hash: a8ea4643134d8887fd0afad3a8cc6710f6d1b741347802491d10fcba3886a502 
04/25/2018,09:16:11,UTC,.A..,WEBHIST,Chrome History,Page Visited,-,-,http://10.20.30.1/accounts/login/?next=/ (Pi-Pinapple),http://10.20.30.1/accounts/login/?next=/ (Pi-Pinapple) [count: 0] Host: 10.20.30.1 Visit Source: [SOURCE_SYNCED] Type: [FORM_SUBMIT - A form the user has submitted values to] (URL not typed directly - no typed count),2,OS:/mnt/ewf/data/com.android.chrome/app_chrome/Default/History,718488,-,sqlite/chrome_history,sha256_hash: a8ea4643134d8887fd0afad3a8cc6710f6d1b741347802491d10fcba3886a502 
04/25/2018,09:16:11,UTC,.A..,WEBHIST,Chrome History,Page Visited,-,-,http://10.20.30.1/ (Pi-Pinapple),http://10.20.30.1/ (Pi-Pinapple) [count: 2] Host: 10.20.30.1 Visit Source: [SOURCE_SYNCED] Type: [FORM_SUBMIT - A form the user has submitted values to] (type count 2 times),2,OS:/mnt/ewf/data/com.android.chrome/app_chrome/Default/History,718488,-,sqlite/chrome_history,sha256_hash: a8ea4643134d8887fd0afad3a8cc6710f6d1b741347802491d10fcba3886a502 
04/26/2018,05:45:23,UTC,.A..,WEBHIST,Chrome History,Page Visited,-,-,https://www.elastic.co/guide/en/elasticsearch/reference/current/docker.html (...,https://www.elastic.co/guide/en/elasticsearch/reference/current/docker.html (Install Elasticsearch with Docker | Elasticsearch Reference [6.2] | Elastic) [count: 1] Host: www.elastic.co Visit Source: [SOURCE_SYNCED] Type: [LINK - User clicked a link] (type count 1 time),2,OS:/mnt/ewf/data/com.android.chrome/app_chrome/Default/History,718488,-,sqlite/chrome_history,sha256_hash: a8ea4643134d8887fd0afad3a8cc6710f6d1b741347802491d10fcba3886a502 
04/26/2018,07:44:01,UTC,.A..,WEBHIST,Chrome History,Page Visited,-,-,https://www.elastic.co/guide/en/elasticsearch/reference/current/docker.html (...,https://www.elastic.co/guide/en/elasticsearch/reference/current/docker.html (Install Elasticsearch with Docker | Elasticsearch Reference [6.2] | Elastic) [count: 1] Host: www.elastic.co Visit Source: [SOURCE_SYNCED] Type: [TYPED - User typed the URL in the URL bar] (type count 1 time),2,OS:/mnt/ewf/data/com.android.chrome/app_chrome/Default/History,718488,-,sqlite/chrome_history,sha256_hash: a8ea4643134d8887fd0afad3a8cc6710f6d1b741347802491d10fcba3886a502 
04/26/2018,09:19:26,UTC,.A..,WEBHIST,Chrome History,Page Visited,-,-,http://moodle.unil.ch/ (MoodleUnil: Login al sito),http://moodle.unil.ch/ (MoodleUnil: Login al sito) [count: 1] Host: moodle.unil.ch Visit Source: [SOURCE_SYNCED] Type: [TYPED - User typed the URL in the URL bar] (type count 1 time),2,OS:/mnt/ewf/data/com.android.chrome/app_chrome/Default/History,718488,-,sqlite/chrome_history,sha256_hash: a8ea4643134d8887fd0afad3a8cc6710f6d1b741347802491d10fcba3886a502 
04/26/2018,09:19:26,UTC,.A..,WEBHIST,Chrome History,Page Visited,-,-,https://moodle.unil.ch/login/index.php (MoodleUnil: Login al sito),https://moodle.unil.ch/login/index.php (MoodleUnil: Login al sito) [count: 0] Host: moodle.unil.ch Visit Source: [SOURCE_SYNCED] Type: [TYPED - User typed the URL in the URL bar] (URL not typed directly - no typed count),2,OS:/mnt/ewf/data/com.android.chrome/app_chrome/Default/History,718488,-,sqlite/chrome_history,sha256_hash: a8ea4643134d8887fd0afad3a8cc6710f6d1b741347802491d10fcba3886a502 
04/26/2018,14:13:56,UTC,.A..,WEBHIST,Chrome History,Page Visited,-,-,http://office.com/ (Not available),http://office.com/ (Not available) [count: 1] Host: office.com Visit Source: [SOURCE_SYNCED] Type: [TYPED - User typed the URL in the URL bar] (type count 1 time),2,OS:/mnt/ewf/data/com.android.chrome/app_chrome/Default/History,718488,-,sqlite/chrome_history,sha256_hash: a8ea4643134d8887fd0afad3a8cc6710f6d1b741347802491d10fcba3886a502 
04/27/2018,13:48:03,UTC,.A..,WEBHIST,Chrome History,Page Visited,-,-,https://nest.com/ (Nest | Crea una casa connessa),https://nest.com/ (Nest | Crea una casa connessa) [count: 0] Host: nest.com Visit Source: [SOURCE_SYNCED] Type: [TYPED - User typed the URL in the URL bar] (URL not typed directly - no typed count),2,OS:/mnt/ewf/data/com.android.chrome/app_chrome/Default/History,718488,-,sqlite/chrome_history,sha256_hash: a8ea4643134d8887fd0afad3a8cc6710f6d1b741347802491d10fcba3886a502 
04/27/2018,13:48:03,UTC,.A..,WEBHIST,Chrome History,Page Visited,-,-,http://nest.com/it/ (Nest | Crea una casa connessa),http://nest.com/it/ (Nest | Crea una casa connessa) [count: 0] Host: nest.com Visit Source: [SOURCE_SYNCED] Type: [TYPED - User typed the URL in the URL bar] (URL not typed directly - no typed count),2,OS:/mnt/ewf/data/com.android.chrome/app_chrome/Default/History,718488,-,sqlite/chrome_history,sha256_hash: a8ea4643134d8887fd0afad3a8cc6710f6d1b741347802491d10fcba3886a502 
04/27/2018,13:48:03,UTC,.A..,WEBHIST,Chrome History,Page Visited,-,-,https://nest.com/it/ (Nest | Crea una casa connessa),https://nest.com/it/ (Nest | Crea una casa connessa) [count: 0] Host: nest.com Visit Source: [SOURCE_SYNCED] Type: [TYPED - User typed the URL in the URL bar] (URL not typed directly - no typed count),2,OS:/mnt/ewf/data/com.android.chrome/app_chrome/Default/History,718488,-,sqlite/chrome_history,sha256_hash: a8ea4643134d8887fd0afad3a8cc6710f6d1b741347802491d10fcba3886a502 
04/27/2018,13:48:03,UTC,.A..,WEBHIST,Chrome History,Page Visited,-,-,http://nest.com/ (Nest | Crea una casa connessa),http://nest.com/ (Nest | Crea una casa connessa) [count: 5] Host: nest.com Visit Source: [SOURCE_SYNCED] Type: [TYPED - User typed the URL in the URL bar] (type count 5 times),2,OS:/mnt/ewf/data/com.android.chrome/app_chrome/Default/History,718488,-,sqlite/chrome_history,sha256_hash: a8ea4643134d8887fd0afad3a8cc6710f6d1b741347802491d10fcba3886a502 
05/09/2018,12:29:22,UTC,.A..,WEBHIST,Chrome History,Page Visited,-,-,http://nest.com/it/ (Nest | Crea una casa connessa),http://nest.com/it/ (Nest | Crea una casa connessa) [count: 0] Host: nest.com Visit Source: [SOURCE_SYNCED] Type: [TYPED - User typed the URL in the URL bar] (URL not typed directly - no typed count),2,OS:/mnt/ewf/data/com.android.chrome/app_chrome/Default/History,718488,-,sqlite/chrome_history,sha256_hash: a8ea4643134d8887fd0afad3a8cc6710f6d1b741347802491d10fcba3886a502 
05/09/2018,12:29:22,UTC,.A..,WEBHIST,Chrome History,Page Visited,-,-,https://nest.com/it/ (Nest | Crea una casa connessa),https://nest.com/it/ (Nest | Crea una casa connessa) [count: 0] Host: nest.com Visit Source: [SOURCE_SYNCED] Type: [TYPED - User typed the URL in the URL bar] (URL not typed directly - no typed count),2,OS:/mnt/ewf/data/com.android.chrome/app_chrome/Default/History,718488,-,sqlite/chrome_history,sha256_hash: a8ea4643134d8887fd0afad3a8cc6710f6d1b741347802491d10fcba3886a502 
05/09/2018,12:29:22,UTC,.A..,WEBHIST,Chrome History,Page Visited,-,-,http://nest.com/ (Nest | Crea una casa connessa),http://nest.com/ (Nest | Crea una casa connessa) [count: 5] Host: nest.com Visit Source: [SOURCE_SYNCED] Type: [TYPED - User typed the URL in the URL bar] (type count 5 times),2,OS:/mnt/ewf/data/com.android.chrome/app_chrome/Default/History,718488,-,sqlite/chrome_history,sha256_hash: a8ea4643134d8887fd0afad3a8cc6710f6d1b741347802491d10fcba3886a502 
05/09/2018,12:29:22,UTC,.A..,WEBHIST,Chrome History,Page Visited,-,-,https://nest.com/ (Nest | Crea una casa connessa),https://nest.com/ (Nest | Crea una casa connessa) [count: 0] Host: nest.com Visit Source: [SOURCE_SYNCED] Type: [TYPED - User typed the URL in the URL bar] (URL not typed directly - no typed count),2,OS:/mnt/ewf/data/com.android.chrome/app_chrome/Default/History,718488,-,sqlite/chrome_history,sha256_hash: a8ea4643134d8887fd0afad3a8cc6710f6d1b741347802491d10fcba3886a502 
05/09/2018,12:33:42,UTC,.A..,WEBHIST,Chrome History,Page Visited,-,-,http://arlo.netgear.com/ (Arlo Smart Home Security Cameras | Home Monitoring ...,http://arlo.netgear.com/ (Arlo Smart Home Security Cameras | Home Monitoring | Arlo by NETGEAR) [count: 3] Host: arlo.netgear.com Visit Source: [SOURCE_SYNCED] Type: [TYPED - User typed the URL in the URL bar] (type count 3 times),2,OS:/mnt/ewf/data/com.android.chrome/app_chrome/Default/History,718488,-,sqlite/chrome_history,sha256_hash: a8ea4643134d8887fd0afad3a8cc6710f6d1b741347802491d10fcba3886a502 
05/09/2018,12:33:42,UTC,.A..,WEBHIST,Chrome History,Page Visited,-,-,https://arlo.netgear.com/ (Arlo Smart Home Security Cameras | Home Monitoring...,https://arlo.netgear.com/ (Arlo Smart Home Security Cameras | Home Monitoring | Arlo by NETGEAR) [count: 0] Host: arlo.netgear.com Visit Source: [SOURCE_SYNCED] Type: [TYPED - User typed the URL in the URL bar] (URL not typed directly - no typed count),2,OS:/mnt/ewf/data/com.android.chrome/app_chrome/Default/History,718488,-,sqlite/chrome_history,sha256_hash: a8ea4643134d8887fd0afad3a8cc6710f6d1b741347802491d10fcba3886a502 
05/15/2018,08:32:48,UTC,.A..,WEBHIST,Chrome History,Page Visited,-,-,http://alexa.amazon.com/ (Amazon Alexa),http://alexa.amazon.com/ (Amazon Alexa) [count: 4] Host: alexa.amazon.com Visit Source: [SOURCE_SYNCED] Type: [TYPED - User typed the URL in the URL bar] (type count 4 times),2,OS:/mnt/ewf/data/com.android.chrome/app_chrome/Default/History,718488,-,sqlite/chrome_history,sha256_hash: a8ea4643134d8887fd0afad3a8cc6710f6d1b741347802491d10fcba3886a502 
05/15/2018,08:32:48,UTC,.A..,WEBHIST,Chrome History,Page Visited,-,-,https://alexa.amazon.com/spa/index.html (Amazon Alexa),https://alexa.amazon.com/spa/index.html (Amazon Alexa) [count: 0] Host: alexa.amazon.com Visit Source: [SOURCE_SYNCED] Type: [TYPED - User typed the URL in the URL bar] (URL not typed directly - no typed count),2,OS:/mnt/ewf/data/com.android.chrome/app_chrome/Default/History,718488,-,sqlite/chrome_history,sha256_hash: a8ea4643134d8887fd0afad3a8cc6710f6d1b741347802491d10fcba3886a502 
05/15/2018,08:32:53,UTC,.A..,WEBHIST,Chrome History,Page Visited,-,-,https://alexa.amazon.com/spa/index.html (Amazon Alexa),https://alexa.amazon.com/spa/index.html (Amazon Alexa) [count: 0] Host: alexa.amazon.com Visit Source: [SOURCE_SYNCED] Type: [LINK - User clicked a link] (URL not typed directly - no typed count),2,OS:/mnt/ewf/data/com.android.chrome/app_chrome/Default/History,718488,-,sqlite/chrome_history,sha256_hash: a8ea4643134d8887fd0afad3a8cc6710f6d1b741347802491d10fcba3886a502 
05/15/2018,08:34:44,UTC,.A..,WEBHIST,Chrome History,Page Visited,-,-,https://inbox.google.com/ (Inbox – jpinkman2018@gmail.com),https://inbox.google.com/ (Inbox – jpinkman2018@gmail.com) [count: 0] Host: inbox.google.com Visit Source: [SOURCE_SYNCED] Type: [TYPED - User typed the URL in the URL bar] (URL not typed directly - no typed count),2,OS:/mnt/ewf/data/com.android.chrome/app_chrome/Default/History,718488,-,sqlite/chrome_history,sha256_hash: a8ea4643134d8887fd0afad3a8cc6710f6d1b741347802491d10fcba3886a502 
05/15/2018,08:34:44,UTC,.A..,WEBHIST,Chrome History,Page Visited,-,-,https://mail.google.com/mail/ (Inbox – jpinkman2018@gmail.com),https://mail.google.com/mail/ (Inbox – jpinkman2018@gmail.com) [count: 0] Host: mail.google.com Visit Source: [SOURCE_SYNCED] Type: [TYPED - User typed the URL in the URL bar] (URL not typed directly - no typed count),2,OS:/mnt/ewf/data/com.android.chrome/app_chrome/Default/History,718488,-,sqlite/chrome_history,sha256_hash: a8ea4643134d8887fd0afad3a8cc6710f6d1b741347802491d10fcba3886a502 
05/15/2018,08:34:44,UTC,.A..,WEBHIST,Chrome History,Page Visited,-,-,https://www.google.com/gmail/ (Inbox – jpinkman2018@gmail.com),https://www.google.com/gmail/ (Inbox – jpinkman2018@gmail.com) [count: 0] Host: www.google.com Visit Source: [SOURCE_SYNCED] Type: [TYPED - User typed the URL in the URL bar] (URL not typed directly - no typed count),2,OS:/mnt/ewf/data/com.android.chrome/app_chrome/Default/History,718488,-,sqlite/chrome_history,sha256_hash: a8ea4643134d8887fd0afad3a8cc6710f6d1b741347802491d10fcba3886a502 
05/15/2018,08:34:44,UTC,.A..,WEBHIST,Chrome History,Page Visited,-,-,http://gmail.com/ (Inbox – jpinkman2018@gmail.com),http://gmail.com/ (Inbox – jpinkman2018@gmail.com) [count: 3] Host: gmail.com Visit Source: [SOURCE_SYNCED] Type: [TYPED - User typed the URL in the URL bar] (type count 3 times),2,OS:/mnt/ewf/data/com.android.chrome/app_chrome/Default/History,718488,-,sqlite/chrome_history,sha256_hash: a8ea4643134d8887fd0afad3a8cc6710f6d1b741347802491d10fcba3886a502 
05/15/2018,08:34:44,UTC,.A..,WEBHIST,Chrome History,Page Visited,-,-,https://gmail.com/ (Inbox – jpinkman2018@gmail.com),https://gmail.com/ (Inbox – jpinkman2018@gmail.com) [count: 0] Host: gmail.com Visit Source: [SOURCE_SYNCED] Type: [TYPED - User typed the URL in the URL bar] (URL not typed directly - no typed count),2,OS:/mnt/ewf/data/com.android.chrome/app_chrome/Default/History,718488,-,sqlite/chrome_history,sha256_hash: a8ea4643134d8887fd0afad3a8cc6710f6d1b741347802491d10fcba3886a502 
05/15/2018,08:35:48,UTC,.A..,WEBHIST,Chrome History,Page Visited,-,-,https://alexa.amazon.com/spa/index.html (Amazon Alexa),https://alexa.amazon.com/spa/index.html (Amazon Alexa) [count: 0] Host: alexa.amazon.com Visit Source: [SOURCE_SYNCED] Type: [FORM_SUBMIT - A form the user has submitted values to] (URL not typed directly - no typed count),2,OS:/mnt/ewf/data/com.android.chrome/app_chrome/Default/History,718488,-,sqlite/chrome_history,sha256_hash: a8ea4643134d8887fd0afad3a8cc6710f6d1b741347802491d10fcba3886a502 
05/15/2018,09:15:45,UTC,.A..,WEBHIST,Chrome History,Page Visited,-,-,http://10.20.30.1/accounts/login/?next=/ (Pi-Pinapple),http://10.20.30.1/accounts/login/?next=/ (Pi-Pinapple) [count: 0] Host: 10.20.30.1 Visit Source: [SOURCE_SYNCED] Type: [TYPED - User typed the URL in the URL bar] (URL not typed directly - no typed count),2,OS:/mnt/ewf/data/com.android.chrome/app_chrome/Default/History,718488,-,sqlite/chrome_history,sha256_hash: a8ea4643134d8887fd0afad3a8cc6710f6d1b741347802491d10fcba3886a502 
05/15/2018,09:15:45,UTC,.A..,WEBHIST,Chrome History,Page Visited,-,-,http://10.20.30.1/ (Pi-Pinapple),http://10.20.30.1/ (Pi-Pinapple) [count: 2] Host: 10.20.30.1 Visit Source: [SOURCE_SYNCED] Type: [TYPED - User typed the URL in the URL bar] (type count 2 times),2,OS:/mnt/ewf/data/com.android.chrome/app_chrome/Default/History,718488,-,sqlite/chrome_history,sha256_hash: a8ea4643134d8887fd0afad3a8cc6710f6d1b741347802491d10fcba3886a502 
05/15/2018,09:16:01,UTC,.A..,WEBHIST,Chrome History,Page Visited,-,-,http://10.20.30.1/accounts/login/?next=/ (Pi-Pinapple),http://10.20.30.1/accounts/login/?next=/ (Pi-Pinapple) [count: 0] Host: 10.20.30.1 Visit Source: [SOURCE_SYNCED] Type: [FORM_SUBMIT - A form the user has submitted values to] (URL not typed directly - no typed count),2,OS:/mnt/ewf/data/com.android.chrome/app_chrome/Default/History,718488,-,sqlite/chrome_history,sha256_hash: a8ea4643134d8887fd0afad3a8cc6710f6d1b741347802491d10fcba3886a502 
05/15/2018,09:16:01,UTC,.A..,WEBHIST,Chrome History,Page Visited,-,-,http://10.20.30.1/ (Pi-Pinapple),http://10.20.30.1/ (Pi-Pinapple) [count: 2] Host: 10.20.30.1 Visit Source: [SOURCE_SYNCED] Type: [FORM_SUBMIT - A form the user has submitted values to] (type count 2 times),2,OS:/mnt/ewf/data/com.android.chrome/app_chrome/Default/History,718488,-,sqlite/chrome_history,sha256_hash: a8ea4643134d8887fd0afad3a8cc6710f6d1b741347802491d10fcba3886a502 
05/15/2018,11:15:41,UTC,.A..,WEBHIST,Chrome History,Page Visited,-,-,https://www.google.ch/search?q=android+apk&oq=android+apk&aqs=chrome..69i57j3...,https://www.google.ch/search?q=android+apk&oq=android+apk&aqs=chrome..69i57j35i39j0l2.4067j0j4&client=ms-android-samsung&sourceid=chrome-mobile&ie=UTF-8 (android apk - Google-Suche) [count: 0] Host: www.google.ch Type: [GENERATED - User typed in the URL bar and selected an entry from the list - such as a search bar] (URL not typed directly - no typed count),2,OS:/mnt/ewf/data/com.android.chrome/app_chrome/Default/History,718488,-,sqlite/chrome_history,sha256_hash: a8ea4643134d8887fd0afad3a8cc6710f6d1b741347802491d10fcba3886a502 
05/15/2018,11:15:48,UTC,.A..,WEBHIST,Chrome History,Page Visited,-,-,https://m.apkpure.com/app (Download APP APK Android App Online - Free Pure AP...,https://m.apkpure.com/app (Download APP APK Android App Online - Free Pure APK Downloader) [count: 0] Host: m.apkpure.com Type: [LINK - User clicked a link] (URL not typed directly - no typed count),2,OS:/mnt/ewf/data/com.android.chrome/app_chrome/Default/History,718488,-,sqlite/chrome_history,sha256_hash: a8ea4643134d8887fd0afad3a8cc6710f6d1b741347802491d10fcba3886a502 
05/15/2018,11:15:50,UTC,.A..,WEBHIST,Chrome History,Page Visited,-,-,https://m.apkpure.com/search (Search - APKPure Android App Store),https://m.apkpure.com/search (Search - APKPure Android App Store) [count: 0] Host: m.apkpure.com Visit from: https://m.apkpure.com/app (Download APP APK Android App Online - Free Pure APK Downloader) Type: [LINK - User clicked a link] (URL not typed directly - no typed count),2,OS:/mnt/ewf/data/com.android.chrome/app_chrome/Default/History,718488,-,sqlite/chrome_history,sha256_hash: a8ea4643134d8887fd0afad3a8cc6710f6d1b741347802491d10fcba3886a502 
05/15/2018,11:15:55,UTC,.A..,WEBHIST,Chrome History,Page Visited,-,-,https://m.apkpure.com/search?q=Alexa (Alexa search results | APKPure.com),https://m.apkpure.com/search?q=Alexa (Alexa search results | APKPure.com) [count: 0] Host: m.apkpure.com Visit from: https://m.apkpure.com/search (Search - APKPure Android App Store) Type: [FORM_SUBMIT - A form the user has submitted values to] (URL not typed directly - no typed count),2,OS:/mnt/ewf/data/com.android.chrome/app_chrome/Default/History,718488,-,sqlite/chrome_history,sha256_hash: a8ea4643134d8887fd0afad3a8cc6710f6d1b741347802491d10fcba3886a502 
05/15/2018,11:15:58,UTC,.A..,WEBHIST,Chrome History,Page Visited,-,-,https://m.apkpure.com/amazon-alexa/com.amazon.dee.app (Amazon Alexa APK Downl...,https://m.apkpure.com/amazon-alexa/com.amazon.dee.app (Amazon Alexa APK Download - Free Music & Audio APP for Android | APKPure.com) [count: 0] Host: m.apkpure.com Visit from: https://m.apkpure.com/search?q=Alexa (Alexa search results | APKPure.com) Type: [LINK - User clicked a link] (URL not typed directly - no typed count),2,OS:/mnt/ewf/data/com.android.chrome/app_chrome/Default/History,718488,-,sqlite/chrome_history,sha256_hash: a8ea4643134d8887fd0afad3a8cc6710f6d1b741347802491d10fcba3886a502 
05/15/2018,11:16:00,UTC,.A..,WEBHIST,Chrome History,Page Visited,-,-,https://m.apkpure.com/amazon-alexa/com.amazon.dee.app/download?from=details (...,https://m.apkpure.com/amazon-alexa/com.amazon.dee.app/download?from=details (Download Amazon Alexa 2.2.208186.0 APK | APKPure.com) [count: 0] Host: m.apkpure.com Visit from: https://m.apkpure.com/amazon-alexa/com.amazon.dee.app (Amazon Alexa APK Download - Free Music & Audio APP for Android | APKPure.com) Type: [LINK - User clicked a link] (URL not typed directly - no typed count),2,OS:/mnt/ewf/data/com.android.chrome/app_chrome/Default/History,718488,-,sqlite/chrome_history,sha256_hash: a8ea4643134d8887fd0afad3a8cc6710f6d1b741347802491d10fcba3886a502 
